lean,1
bathroom,11
slot,339
machines,399
should,181
cleaned,10
regularly,2
along,4
with,271
people,153
thant,1
allowed,11
don't,114
want,33
eating,11
only,119
your,165
host,2
walking,23
around,80
have,512
security,31
ever,19
they,245
wearing,2
coats,2
that,433
there,346
parking,242
where,67
some,160
persons,3
behave,1
like,244
everyone,8
guilty,1
rather,14
than,92
innocent,1
citizens,1
this,157
find,123
offensive,3
need,123
more,483
lighting,21
markings,1
stairs,5
elderly,5
think,67
could,145
servers,41
floor,92
several,18
times,74
light,30
service,175
came,28
give,50
change,29
night,47
market,8
killed,1
casino,316
weekends,5
sides,3
would,344
drink,69
down,77
were,198
quite,37
dirty,20
sticky,2
just,116
drinks,54
prior,3
mine,4
being,49
stains,1
stickiness,1
also,89
keys,2
repeat,2
button,17
does,28
work,46
pressing,1
little,62
then,64
copper,1
garbage,2
cans,2
outside,16
clean,18
bags,1
inside,5
tell,11
been,95
washed,1
time,241
things,8
needed,26
scrub,1
make,55
them,74
shine,1
again,29
always,59
seemed,25
visit,67
bring,20
every,33
week,15
drop,6
about,67
month,10
gone,24
moncton,16
overnight,3
very,296
good,89
experience,39
lunch,18
supper,3
specials,15
much,96
better,120
food,224
court,19
needs,44
cleaner,6
sorry,8
nice,78
paid,13
used,36
wish,23
mashines,2
improve,10
building,13
facade,1
self,6
serve,19
coffee,125
area,101
back,109
separate,3
person,37
doing,8
coat,11
check,26
wait,119
over,74
minutes,40
friday,6
saturday,15
inconvenient,3
necessary,5
friendly,44
welcome,9
when,249
walk,34
through,15
door,32
play,143
games,72
upstairs,6
room,55
hope,12
comments,8
will,67
taken,13
seriously,3
understand,15
staff,183
suits,1
cannot,10
least,39
acknowledge,5
customers,31
heavens,2
halifax,6
known,5
friendliness,2
racecourse,2
thank,16
issue,14
events,5
having,43
park,26
another,31
unless,11
refunded,1
edgewater,8
skunks,1
near,23
entrance,40
disappeared,5
help,49
machine,214
impossible,7
someone,33
never,97
seen,12
server,39
last,38
visits,12
didn't,62
anymore,9
thio,1
metro,1
vancouver,10
requires,2
paarking,1
admission,3
gates,1
costly,3
start,12
exactly,1
what,66
programs,2
offer,15
compensate,2
please,30
specific,4
detail,1
reluctant,2
return,21
other,112
casino's,6
basically,3
same,38
ammenities,1
gate,4
appease,1
younger,5
clientele,3
coming,19
crowd,6
seems,50
catered,1
anyone,21
else,10
almost,21
felt,20
place,38
miss,15
sirens,1
dice,1
shots,1
prefer,8
piped,1
music,43
less,29
loud,61
there's,3
enough,90
sound,11
from,153
happy,14
washrooms,29
seem,49
often,82
number,27
female,3
patrons,24
seemingly,1
take,51
care,13
found,45
attendants,69
hard,73
pressed,5
respond,6
smoking,16
corner,3
unsafe,1
instead,24
stand,12
curb,1
because,59
weren't,5
feeling,5
safe,9
paybacks,2
frequent,8
lengthen,1
versus,3
money,103
nevada,3
playing,83
longer,35
amount,24
cart,22
severs,2
poor,46
slow,52
restaurant,82
bingo,36
treated,6
poorly,7
come,89
comes,8
speed,4
days,17
well,53
sales,1
it's,39
beyond,1
rude,35
prices,30
outrageous,2
quality,38
cold,43
arrives,1
greated,1
help-,1
town,9
gaming,37
hours,38
before,62
offered,17
most,39
look,24
bored,2
whom,1
experienced,6
going,52
desk,19
even,77
speak,6
tickets,24
perhaps,13
hire,2
enjoying,1
their,52
approaches,1
cocktail,12
asking,8
complimentary,8
slots,162
cashier,36
mostly,6
long,133
buffet,64
anniversary,2
horrible,7
waste,4
really,55
feel,53
wasted,3
soda,6
during,29
evening,11
assist,5
waiting,37
friend,19
wanted,23
lounge,26
arrived,13
list,7
hostess,2
took,63
cell,2
phone,10
said,35
text,1
table,62
went,42
blackjack,24
while,62
waited,35
empty,8
tables,48
asked,42
texted,1
assumed,2
show,15
stroked,1
began,2
primarily,1
meal,24
earlier,4
spent,18
still,35
black,5
jack,2
each,22
appetizer,1
expect,7
river,24
rock,49
sure,19
bclc,5
voucher,10
anywhere,5
sent,6
validate,2
shows,4
retailer,1
which,42
defeats,1
purpose,2
bought,8
ticket,35
cash,51
video,7
poker,34
become,4
tight,36
fair,17
players,40
into,36
busy,54
traffic,9
surrounding,1
roads,1
leading,1
afraid,5
road,6
difficultly,3
reserve,31
sign,26
limited,11
trying,11
attendant,75
sometimes,51
forget,4
pushing,4
able,24
hour,37
first,38
started,7
waaaaaaaay,1
nearly,3
disappointing,13
plus,12
without,21
male,6
works,5
invisible,3
common,2
complaint,10
friends,25
problem,47
finding,14
resturant,4
wasn't,26
easy,9
fees,2
others,19
free,64
riduculous,1
dark,15
recipt,1
embareasing,1
improved,9
need's,1
face,4
lift,1
decor,2
teller,1
race,6
betting,4
counter,12
made,29
error,5
request,4
here,19
horses,1
after,62
stupid,8
know,49
lingo,1
remember,5
name,16
reported,1
cleaning,5
women,8
moody,1
question,7
wise,1
pretty,9
jobs,2
attendances,1
believe,8
boss,3
australian,1
accent,1
catch,3
likely,4
avoid,5
future,3
working,19
condescending,2
adequate,7
knowledge,3
supervising,1
insulting,2
humiliated,1
conversation,4
although,2
track,8
prefered,1
spend,12
keno,14
scrren,1
missing,7
exception,2
control,4
disorganized,2
exit,13
dealers,13
chat,1
chinese,9
left,35
overpowering,2
small,48
selection,22
hairy,1
getting,35
main,17
street,4
cause,6
spot,19
line,42
cars,10
response,5
right,23
says,6
mean,6
obviously,6
vision,1
best,14
letters,1
pointed,2
direction,4
politely,2
arrive,5
seized-up,1
flag,2
passing,1
myself,16
turned,7
either,14
side,18
attract,4
attention,15
burger,8
ordered,26
hamburger,2
given,14
retrieve,1
called,12
finally,13
lady,19
order,48
simple,1
deliver,1
sitting,15
call,17
many,86
except,9
guess,10
girls,4
presume,1
price,24
register,5
ahead,5
pocket,1
paper,13
counted,1
nickels,1
entering,6
bldg,1
elevator,5
saying,5
realizing,2
hadn't,3
note,2
parked,9
next,25
missed,5
view,9
royal,10
leave,39
rated,2
cleanliness,6
high,35
kept,5
wiped,1
fountain,3
liked,11
variety,41
menu,36
returned,5
robinson,3
theatre,5
insult,1
carts,7
received,13
served,14
once,35
compared,12
casinos,71
ones,18
united,2
states,6
card,86
tables-,1
ride-,1
texas,8
shootout-,1
caribbean,1
stud-,1
poker-,1
smiley,1
faces,2
cashiers',1
andmiss,1
washroom,32
ofthen,1
management,5
cashiers,29
printed,2
sheets,1
different,26
amounts,8
lower,19
noted,1
difficulty,7
putting,3
code,4
winnings,11
account,4
scarce,3
hopefully,2
paying,19
winners,9
burgers,4
tripleo,1
current,6
send,11
receive,7
cook,3
errors,2
waitress,16
apologetic,3
comped,1
floors,6
chair,11
moves,2
gives,6
something,29
touching,2
unstable,2
throughout,3
suggest,9
rounds,10
would've,1
soft,9
provided,7
thanks,11
drawback,1
size,14
facility,23
lack,9
happened,12
jeopardy,1
wheel,11
fortune,5
victoria,7
nanaimo,14
allow,12
takes,18
forever,10
jackpot,19
wrong,16
terminal,2
experiences,3
heard,14
overworked,1
short,13
staffed,2
awhile,17
payouts,29
slits,1
tighter,4
expensive,24
aren't,4
dissapointing,1
ladies,10
both,17
washooms,1
supervisors,2
uptight,1
concerned,6
penny,26
replaced,8
dollar,15
between,21
misleads,1
feels,4
pull,2
fast,8
favourite,5
peeny,1
removed,12
arcade,2
careful,1
changing,4
denominations,2
live,25
quadra,1
island,5
three,16
year,15
chance,18
thus,3
unable,9
participate,3
contests,7
promotions,13
spaced,1
wheelchair,5
seating,21
negative,2
fairly,4
cramped,3
therefore,3
can't,20
choices,19
suggestion,6
visiting,11
dissapointed,1
thing,26
excellent,8
ways,4
tightest,2
shred,1
frequency,1
awful,6
worker,4
didnt,19
wanna,1
ignore,3
lights,15
turn,10
checking,9
wont,2
heater,1
rain,3
canopy,1
extremely,7
bacon,3
eggs,4
unusual,2
special,16
consideration,1
smokers,7
heat,4
areas,24
covered,5
cage,9
animal,1
strange,2
inconsiderate,1
clients,2
rooms,7
priced,10
hotels,4
close,24
such,15
minimum,8
water,33
granted,2
moved,7
contact,7
securities,1
front,36
smiles,1
greet,4
posted,2
cant,6
singlr,1
nearby,3
worth,4
entertainment,27
tightened,2
lasts,1
five,2
broke,4
depressed,1
thinking,6
joining,1
loosen,9
faster,7
waits,4
simplest,1
rolette,1
played,19
minimal,4
level,13
satisfaction,1
pay-outs,2
adjusted,4
rewards,5
home,12
losing,11
opened,6
outs,8
keep,22
taking,12
nothing,20
impressed,7
reason,15
hoping,3
thins,1
disappointed,26
usually,21
cashing,11
dawson,2
creek,2
charge,11
cafeteria,8
entire,6
speaking,3
player,7
cantonese,1
alienated,1
non-cantonese,1
awkward,4
english,7
love,19
example,6
gold,8
miner,1
progressive,1
considerable,1
trapeze,10
away,31
answers,3
past,23
cent,17
prizes,3
mail,10
robinsons,1
theatre-,1
company,1
disability,5
stall,6
bottle,5
excessive,2
spoke,3
member,13
approached,3
arrangement,2
attendents,5
problems,9
usual,6
shortage,3
until,8
pairs,2
meet,1
center,6
attended,7
showed,5
those,14
hold,4
date,5
bathrooms,9
fixed,4
customer,34
brunch,4
birthday,15
attentive,2
coffie,1
notfriendly,1
places,6
quick,8
snack,9
successfully,1
coupons,19
unfair,2
countless,1
location,14
unfriendly,6
unhelpful,1
encountered,1
ignored,9
standing,6
cashier's,2
guest,54
services,41
isolated,2
overall,10
absolutely,3
terrible,15
let's,1
renos,1
open,28
airy,1
higher,9
ceiling,3
signage,12
dislike,2
talk,12
members,12
serving,8
gets,10
alcohol,20
cheap,5
valet,5
handicapped,9
drivers,2
entrances,4
enter,13
draws,7
isn't,4
reduced,1
early,10
diners,1
sushi,1
chef,9
husband,19
tongs,1
pick,10
piece,3
ginger,1
realize,6
apologized,1
wouldn't,13
guests,17
executive,1
great,35
incident,1
done,20
gogo,1
dances,1
cheapen,1
grumpy,1
spots,21
majority,4
wendy's,2
move,12
vehicle,2
doesn't,18
towed,1
knowlegable,1
helpful,12
hastings,7
hardly,9
messy,6
certain,12
thriftys,1
above,10
since,22
years,25
perfect,1
absentee,1
ownership,1
knowing,1
group,6
real,7
feedback,3
changes,3
soon,4
clearly,8
numbered,1
annoying,16
unattended,1
chairs,14
pushed,2
causing,3
safely,1
navigated,1
these,12
obsticles,1
secondly,1
engage,2
patron,5
facilty,1
point,9
greeting,1
goes,3
enhancing,1
enterence,1
annoyed,4
drinkers,2
fell,4
attending,3
step,6
enjoyed,8
wsop,1
froze,1
elsewhere,6
happens,6
parkade,11
discounts,3
seniors,5
quieter,1
inform,4
promo,6
moment,2
draw,13
boring,4
appealing,1
ridiculous,9
finishing,1
stopped,3
sometime,6
vouchers,8
meaning,2
increasing,1
restraunt,1
aload,1
legal,1
limit,7
perod,1
beers,1
dinners,2
eight,2
stupidity,1
selling,2
beer,21
licence,1
numbers,3
themselves,6
organized,1
course,2
smile,14
courteous,5
huge,4
centers,1
issues,12
tried,11
lobster,3
tramonto,1
polite,3
interested,5
reservations,3
beverage,20
periods,4
somehow,2
bidders,1
bids,1
stella,1
winning,14
computerized,1
mission,1
chances,16
operation,3
workers,4
especially,19
dirtiest,1
months,7
told,32
stinks,2
urine,3
smell,13
carpets,4
install,4
reopen,1
west,3
wins,19
starting,5
giveaways,2
info,6
sparse,1
spin,13
wheeel,1
part,12
deskclerk,1
initially,3
inquired,2
directed,2
firstly,1
locations,2
reaching,3
correct,6
checked,3
retail,1
outlet,3
across,8
lobby,3
horse,4
racing,9
establishment,2
upgrade,3
cheers,1
reception,1
indicating,2
consume,2
confusing,7
theres,4
available,37
willing,2
sever,1
stay,21
till,7
solved,1
bigger,15
there-,1
lose-still,1
lose,12
lose-,1
whenever,2
contest,6
ballets,4
diamond,3
incentives,7
twice,12
sandwich,5
shop,2
reach,6
space,15
dancing,3
lulu,2
controlled,1
boardwalk,3
butts,2
ground,2
everywhere,3
mention,3
heavy,3
hand,14
smoke,15
must,3
fight,1
café,2
familiar,4
improvement,3
encore,16
sic-bo,1
mainly,3
non-table,1
maintenance,5
payout,19
percentages,1
kitchen,5
orders,7
promptly,1
beverages,10
trips,3
success,2
arrange,1
traffics,1
attendance,7
i've,7
appreciate,8
quarter,2
expand,1
barcarra,1
aunt,1
oxygen,1
case,4
middle,4
shebcan,1
cinfident,1
four,7
loss,1
couple,20
email,4
however,14
print,2
dont,22
asino,1
automatic,3
horrioble,1
rec'd,1
hardrock,4
tues,2
thought,21
tournament,2
mondays,2
seat,15
envelop,1
conned,1
lost,18
boot,1
handicap,16
older,12
fact,11
gave,13
bonus,24
round,5
explain,2
anything,16
kelowna,2
super,1
frequently,9
signs,25
languages,1
wash,1
hands,5
using,13
facilities,9
leaving,11
washing,2
germs,1
spread,3
marked,2
asset,1
prompt,5
possible,4
drove,1
couldn't,25
dispenced,1
under,7
signed,1
comp,3
downloaded,1
unsure,2
percent,1
restrooms,1
regular,11
basis,6
might,14
quietly,2
useful,1
announce,1
ready,5
hate,4
pays,4
reserves,4
-slot,1
exchange,2
bills,7
accepted,4
-beverage,1
timely,2
manner,2
forgot,4
ofered,1
smelly,3
noticed,14
reducing,2
length,2
budget,2
worst,6
wonder,4
lots,18
socializing,1
ignoring,3
attitude,6
requesting,1
mere,1
asylum,9
venue,1
conditioning,5
provide,12
snacks,6
ends,1
sydney,1
week-end,1
cover,3
against,4
wind,1
surgery,1
white,10
vinegar,1
fries,7
enjoy,22
crystal,1
forest,1
alien,1
lately,7
value,15
balancing,1
charges,1
credited,1
upon,8
presentation,1
receipt,2
items,4
break,7
gift,6
cards,18
young,8
increase,5
turn-style,1
blocking,2
exiting,1
significant,2
form,4
cost,10
plan,2
gaining,1
fewer,3
pleasant,8
large,10
watched,3
world,1
final,3
whole,11
placed,7
reflect,1
shines,1
eyes,4
lane,8
calling,2
listen,3
quests,1
chase,2
friendlier,6
favorite,9
major,4
shuttle,4
operate,2
transit,1
sunday,6
distracting,3
beside,10
doors,11
thevlighting,1
bright,6
drafty,1
wall,4
protect,1
elements,1
screens,4
game,23
actually,12
embarrassing,1
visitors,3
no-fun,1
vegas,12
follow,2
stop,11
listening,3
local,6
whiners,1
neighbourhood,1
ambient,1
changed,16
downwards,1
feelings,1
aregone,1
disappears,1
mind,12
deal,10
stale,3
hectic,1
life,3
abbotsford,3
unorganized,2
popular,4
notice,6
nasty,3
kinda,1
dangerous,2
parkinglot,1
reminds,1
narrow,2
claustraphobic,1
curtain,2
idea,4
hide,1
report,8
points,24
recently,6
probable,1
range,1
notified,4
expire,2
loose,4
upsetting,1
outdated,1
mark,1
advisable,1
incentive,1
worked,5
earning,2
gotten,2
dancer,2
kind,10
danced,1
girl,7
regarding,5
tops,1
reserved,17
sort,6
wishing,1
validation,1
process,4
easier,6
trip,5
upgrades,3
answer,11
questions,7
glass,16
wine,22
sludge,1
bottom,4
impression,3
country,2
brought,5
harbourfront,2
weeks,6
christmas,3
quicker,5
men's,2
looked,4
coupon,14
families,2
guys,9
hear,17
servey,1
threw,1
hundred,2
blink,1
layout,7
navigate,2
walkers,1
wheelchairs,1
inadequate,4
present,3
callers,2
alway,1
forgets,1
second,12
hudini,1
speaks,1
softly,1
though,11
disturbed,1
chatting,6
gobbled,1
wouldnt,2
alot,9
crazy,3
scary,1
late,6
advantage,2
reserving,1
movement,1
replacement,2
finds,1
disappear,1
looking,22
frustration,1
volume,13
provides,2
forces,1
gamble,14
wife,15
access,12
disabled,9
wide,1
walker,1
third,3
write,1
plates,1
openers,2
pleaes,1
crowded,16
mazed,1
expands,1
otherwise,5
opening,4
average,8
smaller,6
unavailable,2
wicked,2
later,9
knowledgeable,2
cokes,1
convenient,3
newer,12
safety,3
factor,1
increased,4
seperation,1
pedistrian,1
fumes,2
gaseous,1
directing,1
bartenders,3
lacking,5
ability,2
towels,2
overflowing,1
trash,1
designated,5
crammed,1
draft,4
decent,6
keeping,3
spoken,3
extemely,1
icon,1
preferred,3
type,5
definitely,6
boulevard,6
assessable,1
hearing,3
cocktails,3
availability,9
vacation,1
today,1
decided,3
settled,2
bill,13
dealt,3
strictly,1
paras,1
overheight,1
id'ed,1
thru,3
mile,1
completely,4
requested,5
submit,1
half,14
currency,1
folks,3
minds,1
lake,1
city,1
eats,2
reno,3
closed,18
looks,7
trashy,1
tacky,1
potty,1
werent,1
frowning,1
somewhat,6
efficient,2
liberal,2
haven't,7
gambled,3
opportunity,4
interact,3
serves,2
probably,10
particularly,1
excited,1
electronic,1
pacific,2
coliseum,2
makes,5
difficult,23
event,8
hotel,18
accomodations,1
effort,3
somebody,2
scared,2
nights,9
aloud,1
meals,8
iordered,1
credit,9
morning,8
breakfast,9
oder,1
quickly,12
followed,2
further,6
manager,13
talking,7
curt,1
kiss,1
wiping,1
baffles,1
swinomish,1
washington,2
state,2
hello,4
busier,3
extent,1
serviced,2
recruit,1
assistance,6
existent,3
rarely,5
greets,1
good-bye,1
tall,3
slim,4
happier,3
frustrating,7
favorites,4
ended,7
maze,1
environment,3
created,2
anybody,2
difference,3
none,5
cooks,2
wizard,1
full,12
walls,2
stalls,13
u-turn,2
required,4
women's,2
watching,6
partner,4
spouse,3
okay,4
shouldn't,5
intimidated,1
aside,2
redemption,4
consider,2
dinner,24
wider,3
choice,11
loos,1
hooks,1
feet,1
bands,4
crowds,2
maybe,24
celebrity,1
cashman,1
penguins,1
dance,9
forth,1
pint,1
downstairs,4
someone's,1
tender,1
station,5
opinion,4
auditorium,1
featured,1
dine,4
item,6
built,1
included,2
samples,1
mainland,4
wanda,1
wetteland,1
occasions,3
important,4
butter,1
fellows,1
knew,7
tipping,1
prospect,2
-even,1
walked,7
grunted,1
idiot,1
wondering,1
previous,12
multiple,2
duplicate,1
passed,2
offers,9
training,8
persent,1
loved,1
secret,1
dress,3
culture,1
tradition,1
behind,7
loosened,1
percentage,4
pleasure,2
michael,1
dean,2
arrows,1
entry,4
confusion,2
driver,1
language,2
phadom,1
opera,1
attendent,5
brighter,3
dollars,12
feature,4
dealer,9
plays,5
manitoba,1
native,1
begins,1
concerns,2
weekend,6
grandvilla,1
swipe,1
everytime,3
stations,3
save,2
betw,1
european,1
touch-bet,1
roulette,8
american,4
machines-,3
servivce-which,1
painfully,2
processing,1
talks,1
unknowledgable,1
welcoming,6
atmosphere,8
greeted,1
welcomed,3
seldom,4
whatever,2
styes,1
interaction,2
birthdays,2
holds,1
seats,11
fruends,1
attend,10
lulus,3
larger,10
starlight,11
dancefloor,1
we've,2
general,4
thrilled,1
particular,4
-they,1
arise,1
survey,7
category,1
certificates,1
adding,3
pressured,1
enjoyable,13
dependent,1
readily,1
constantly,3
craps,6
idaho,1
cousin,1
deals,3
senior,3
promos,5
nova,7
scotia,8
serveral,1
redeem,3
walks,3
dearlers,1
vist,1
personnel,4
agambler,1
entertain,1
pleasent,1
coco,1
dave,1
shelf,1
experts,1
insufficient,2
wanting,2
garage,4
reverse,1
impersonal,2
minority,1
mentioned,7
section,3
wonky,2
stumbled,1
unmarked,1
grade,1
miserable,1
trained,3
refreshment,1
relationship,1
rating,2
closest,3
locked,1
duncan,1
count,2
enjoyment,3
excitement,4
'buttons',1
priority,1
making,9
receptionist,1
needing,1
helped,1
tend,4
regulars,4
anounsments,1
cascades,9
bunch,1
tired,4
providing,3
govt,1
wants,1
expireince,1
recommend,7
advise,1
earned,2
bleeding,1
system,13
beatles,1
waitresses,6
considering,5
purchase,1
delivered,2
terribly,3
superviser,1
zero,4
entice,1
fine,5
dealing,5
signing,3
rest,4
slowly,1
bosses,2
updated,5
forward,4
chilliwack,3
bonuses,2
jackpots,6
xasinos,1
come-,1
supervisor,6
consistent,3
meets,1
health,1
standards,2
eliminated,2
milk,1
roving,1
wagon,6
adjusting,1
approx,3
radio,1
slit,1
directly,1
shortstaffed,1
fully,3
personally,2
occations,1
bend,1
peak,5
generally,1
'service',1
spending,7
rush,1
activity,2
yours,3
begin,1
swiping,1
promotion,1
'exit',1
roof,1
surprised,3
enhance,1
worry,1
driving,3
crossing,1
poses,1
danger,1
pedestrians,1
brightly,1
lighted,1
prevent,1
dashing,1
accross,1
opens,1
extra,6
slower,1
possibly,3
comment,8
impact,1
meant,3
colours,1
obvious,1
staffing,2
breaks,2
recognition,1
whatsoever,2
additional,9
package,2
recent,7
fixing,1
lady's,1
stuck,9
herself,2
appear,5
jackpot's,1
noticeable,1
evenings,2
understaffed,4
displeased,1
busing,1
prince,1
george,1
receieved,1
solitary,1
granville,1
summer,2
time-,1
weekly,1
diamonds,1
worthless-,1
sail,1
coho,1
pond,1
competition,3
hence,1
recognized,2
lineups,3
head,2
sucks,1
canada,4
stessfull-,1
overwhelmed,2
comps,1
edge,1
truly,2
graphics,1
maintained,6
karaoke,1
band,5
goid,1
playtime,2
skyrider,1
exceptionally,1
quickhit,1
mother,2
checker,1
causes,1
glare,1
choose,3
supply,2
complementary,1
infrequent,3
crayz,1
reasonable,5
lions,2
uncovered,1
mediocre,2
buffetreasonabl,1
reasonably,1
dispensers,4
operating,2
helps,1
bass,2
tends,1
roadway,1
crosswalk,2
running,6
proximity,2
secondary,1
machjnes,1
allotted,1
non-existent,2
giving,4
hamburgers,3
combo,4
flavour,1
salty,4
leftovers,1
homemade,1
terms,3
require,4
closer,5
equipment,2
nickel,4
awesome,1
odds,5
bets,4
bartender,7
automacly,1
alone,3
seized,1
overemphasized,1
below,1
outher,1
casinoes,1
visited,9
patrol,1
festival,1
flow,1
house,4
dining,16
options,8
within,3
redeeming,1
correctly,2
manage,1
incorrect,4
barrier,1
corrected,3
refund,4
noise,13
minute,5
keeps,3
servicing,1
undermanned,1
exceptional,2
react,1
comfortable,14
avail,2
style,5
lucky,5
melted,2
tastes,1
watery,1
races,2
year's,2
unfortunately,1
properly,12
became,1
apart,1
distant,1
promotional,2
talkative,1
nuisance,2
qualify,1
flashing,3
ending,1
exciting,2
improves,1
opportunities,1
cheaper,10
soup,6
tons,1
bringing,3
truck,3
mini,3
vans,1
carry,1
informative,2
clip,1
nobody,4
wines,1
bottled,6
that's,6
accessible,3
silver,3
reef,3
biggest,3
renovations,3
completed,2
viist,1
sadly,2
wolf,1
compete,1
forms,1
resteraunt,1
nornorthwest,1
tour,1
rate,5
stayed,5
interactive,2
spider,2
beverly,1
hillbillies,1
attendence,1
thai,1
treasure,1
compare,3
liquor,8
demographic,1
concert,8
pathetic,1
july,1
intended,1
fridays,1
irene,1
inquiring,1
whether,2
fish,11
totally,2
defensive,1
hospital,1
test,1
results,3
pending,2
mashed,1
potatoes,2
drain,2
veggies,2
onto,1
plate,4
potato,3
mushie,1
medium,2
steak,12
pink,1
showing,3
mins,12
hungrary,1
proper,5
monitoring,1
cheat,1
duty,4
coverage,2
occasionally,2
verbally,2
varity,1
hall,5
caller,4
yelling,2
'the,1
well',1
incredibly,1
waving,1
shouting,1
aware,3
meantime,2
sharing,1
colour,1
boards,1
darker,1
privacy,1
gathered,1
levels,2
disruptive,1
sour,1
bothering,1
merry,1
appy,1
exits,2
blue,2
collar,1
menue,1
strict,1
comb,1
bartendar,1
disagreement,1
tryed,1
boyfriend,1
beat,2
boyfriends,1
taxis,1
prime,7
window,3
technology,1
amazing,2
specifically,2
celebrate,1
mothers,3
unbelieivable,1
honored,3
shocking,1
competitior,1
owner,1
won't,4
september,1
iwas,1
totake,1
booking,1
doubled,1
decision,2
cleared,2
telephone,1
identifcation,1
denied,2
insisted,1
convey,1
diming,1
servis,1
cashed,3
employee,2
sheet,2
added,5
saved,1
itself,1
indicate,2
display,3
cases,2
stairwell,1
safer,1
original,1
upset,1
period,7
rewarded,1
earn,4
throwing,5
runs,3
dries,1
ugly,1
unsanitary,2
site,4
hose,1
nicer,7
canadians,1
cross,2
office,1
sweater,1
flicker,1
read,3
spins,7
delta,2
barrington,1
insulted,1
deposit,1
inspect,1
lite,1
privide,2
plugs,2
akinda,1
informed,7
conference,2
employees,4
tofino,1
dancers,2
deleted,1
complain,4
march,3
stools,1
smiling,2
understanding,1
frustated,1
occasion,3
threatened,1
bumped,2
beepers,1
disconcerting,1
newcomers,1
bland,2
shuffling,1
stiff,1
filled,1
existant,1
managers,1
behalf,2
courtesies,1
clean-up,1
non-existence,1
pass,6
chitchatting,1
guards,1
normally,5
restaurants,5
existing,3
closes,1
grand,2
villa,3
monthly,3
seated,2
people-,1
passes,1
stickers,1
glitch,2
accept,12
lining,1
handle,3
lineup,1
certainly,3
pissed,1
including,4
natalie,1
nadine,1
rolled,2
slammed,1
happend,1
ordering,3
roll,2
tooooo,1
serfis,1
neve,1
maniger,1
poepel,1
seek,1
pepel,1
dowd,1
'tighter',1
outgoing,1
cafe,2
richmond,3
object,1
outdoors,1
eighties,2
raining,2
windy,1
uncomfortable,10
walkway,3
raceway,1
waiters,2
cater,2
asians,2
doubt,2
treatment,1
clearing,2
confused,1
else's,1
handled,2
disallows,1
appeal,1
gamblers,1
mess,2
occupied,1
populars,1
wells,2
lasagne,1
garlic,1
toast,3
salad,4
diet,2
sugar,1
varieties,1
pricey,4
sliding,1
locks,3
staffs,2
jammed,4
cream,1
counters,2
flash,2
dash,1
screen,2
credits,4
payback,7
single,2
midnight,1
unfortunatley,1
worse,3
wandering,1
desperately,1
womans,2
urinate,1
regardless,2
distance,1
line-up,2
experiencing,1
setup,3
uninviting,1
daughter,3
slot's,1
press,2
sloops,1
figure,5
instructions,2
buttons,5
lines,2
budy,1
decreased,4
rider,1
tampered,1
alittle,2
crown,1
privileged,1
relative,1
income,1
sense,1
reads,1
anyhow,1
buffalo,1
daze,1
uninterested,1
hould,1
'this,1
star,1
resort-,1
portions,3
disappointingly,1
already,10
guarding,1
themed,1
attire,1
subway,1
match,2
ring,3
bell,1
triple,1
seven,1
instant,2
denomination,3
jeromes,1
snails,1
pace,1
removing,2
information,4
advertise,2
radius,1
total,4
hole,1
dump,1
dozen,2
newest,1
anxious,2
offering,3
bang,1
buck,1
authorize,1
consumption,1
inconsistancy,1
rules,3
yelled,1
honest,4
limits,3
explains,1
idid,1
tine,1
tonight,1
april,2
ecana,1
awards,1
mapleridge,1
screechy,1
performers,2
easyest,1
lonely,1
complaining,5
happen,5
fraser,7
downs,7
suck,1
classics,1
cancelling,1
keith,1
urban,1
action,1
announced,2
chips,7
greasy,2
bistro,6
thirsty,1
habit,1
arguement,1
cluster,1
bank,10
cooked,7
costomer,1
lottery,4
scanner,1
located,3
deli,6
blocks,2
usualy,1
volumes,1
wear,3
gloves,1
rundown,1
engaging,2
disabilities,1
quiet,3
elevators,4
diner,2
skinny,1
smoker,2
inconvient,2
delivery,2
substenance,1
attempts,1
accommodate,1
ording,1
partitions,1
attempted,1
accident,1
dismal,1
merit,1
unlock,1
conducted,1
payments,2
referring,1
pleasurable,1
schooner,2
earplugs,1
sequin-covered,1
showgirls,1
cruising,1
visual,1
shock,1
bustling,1
hassle,2
previously,5
answered,2
express,1
gauntlet,1
family,6
simply,4
cruises,1
winter,2
florida,1
biloxi,1
mississippi,1
thee,1
fout,1
business,4
irritant,1
horrific,2
discontinue,1
practice,2
hosts,1
exaggerate,1
stake,3
bother,3
names,1
anyways,1
twenty,2
totaling,1
temperature,2
letting,1
drive,9
appetizing,1
block,1
hurt,3
cushion,1
separated,2
frame,1
fingers,1
severely,1
bruised,4
finger,4
nail,1
grow,1
swelling,1
bruising,1
embarrassed,2
pain,1
train,3
ascent,1
complained,4
recieve,3
sweep,1
insert,5
club,5
bottles,1
cups,2
sanitzer,1
consistently,2
nightclub,1
drunks,3
evident,1
emphasis,1
pieces,3
baked,1
waay,1
shady,1
characters,2
finish,1
reading,1
board,2
alowing,1
seat-,1
renovation,3
poutine,1
handful,1
cheese,1
swimming,1
pool,2
gravy,1
skins,1
tasteless,4
campbell,1
courtenay,2
menus,1
upwards,1
convinced,1
losses,4
jointly,1
tthis,1
severe,1
harbour,1
coin,1
learn,3
updates,2
adventurous,1
comparison,1
dried,2
machine's,1
rectified,2
aisle,2
daytime,2
suspect,1
warming,1
containers,1
camera,1
purposes,1
camera's,1
pretend,1
exist,1
phoney,1
patronizing,1
we're,1
unhappy,1
tournaments,2
held,2
circling,1
racebook,1
holdem,3
room-,1
charged,2
freezing,3
reminiscent,1
sheraton,1
brunswick,3
listed,1
online,1
onsite,1
likes,1
accompany,1
afterwards,1
apply,2
trolley,2
pnuts,1
pretzels,1
cookies,1
damn,1
ratio,1
discount,7
stays,1
colder,1
vehs,1
pets,1
mistake,2
turkey,2
ciabatta,1
rows,4
configuration,1
fing,1
mornings,1
chosen,1
you'd,1
pennie,1
doallar,1
visible,2
rainy,1
slight,2
slope,1
visually,1
impaired,1
comers,1
importantly,1
cleints,1
import,1
alcholic,1
t-shirts,2
activated,2
responded,1
ride,1
assume,1
identifying,2
alledged,1
violation,1
procedure,2
nature,1
unlisted,5
visibility,1
artists,1
performing,2
facing,1
cabinet,1
couches,1
speakers,1
ugliest,1
décor,1
occassions,1
cheated,1
langley,6
bridge,4
toll,3
continue,1
similar,1
address,2
fighting,1
profitable,2
pay-out,1
prospects,1
vegetarians,1
restuarants,2
lasvegas,1
affordable,2
space-,1
circles,1
mens,1
create,1
martin,1
double,3
deluxe,1
pulling,1
explaining,1
clue,1
definetly,1
visable,1
presence,2
public,2
occur,1
rumors,1
gang,1
kiosk,1
temporary,1
situation,2
patient,1
snapped,1
annoy,1
victoria's,1
population,2
atms,1
muffins,1
chocolate,2
tiny,1
entered,1
emails,2
ante,1
liven,1
tv's,1
announcing,1
irritating,1
meaningless,1
trucks,1
eclipse,1
-day,1
televise,1
everyday,1
initialization,1
sardines,1
means,2
rear,2
enterance,2
underground,1
adult,2
unaceptable,1
healthy,1
cloverdale,1
cheer,1
circulate,1
girlfriend,1
together,5
shepherds,2
wednesday,1
substitute,1
resturants,1
spends,2
terminals,1
personel,1
neither,2
perfume,3
pumped,1
allergies,1
sensitivity,1
dwindling,1
conditioners,1
blast,1
aways,2
freebies,2
falls,2
december,1
husbands,1
cancelled,2
dingy,3
lacks,1
drawings,1
requirement,1
premises,1
drawing,3
crowding,1
shaddy,1
treats,1
stated,3
support,1
solve,2
salt,1
wonton,2
undercooked,2
sloppy,1
wife's,1
drenched,1
avocado,1
omitted,1
bits,1
filling,2
clubhouse,1
reduction,1
thoughts,1
graded,1
asian,5
ours,3
afternoon,3
asumming,1
suggestions,4
supervisory,1
fallen,1
deaf,2
ears,3
bangor,1
concerning,1
buffett,1
cared,3
regards,2
forced,3
definately,1
backing,1
subsequently,1
pointing,1
up-hill,1
foods,4
mire,1
returns,1
pricing,1
lord,2
rings,1
gamed,1
knight,1
overpriced,4
preferably,1
grumbling,1
beef,4
multigame,1
hold'em,1
brunsick,1
buffee,1
everything,1
moon,1
tiki,1
emergency,1
remove,1
hotdogs,1
prey,1
afford,1
dish,5
earnings,1
akin,1
cigarettes,1
cancer,1
patients,1
opposed,1
gambling,5
heroin,1
mild,2
recognizing,1
represents,1
addiction,1
fired,1
clear,5
racetrack,1
bounus,1
decrease,1
non-players,1
watch,3
moving,2
spiderman,1
wipe,2
ease,2
social,1
uppity,1
appropriate,3
word,2
shouldnt,1
computer,4
treat,3
turnover,1
cuisine,1
singapore,1
vermicelli,1
noodle,2
validated,7
highest,1
locate,1
looser,3
trom,1
combine,1
buying,1
seperately,1
party,3
lounges,1
formal,1
week-ends,1
ambience,3
leaves,2
desired,2
worn,2
dowdy,1
appearance,1
polish,1
speaker,2
clearer,1
winner,3
announcer,1
claim,1
prize,4
virility,1
sites,1
valid,2
background,2
cloth,1
napkins,1
interesting,1
assortment,1
dishes,3
benefits,1
enought,1
glorified,1
travelling,2
primary,1
notices,1
smorg,1
uninspired,1
whoever,1
perk,2
patronage,1
types,1
beginning,4
gluten,4
smore,1
adjustment,2
extreemely,1
ridiculously,3
miles,2
pricesvery,1
micro,1
spicy,1
bites,1
strength,1
sellers,1
modes,1
lossen,1
allowing,1
related,1
courses,1
popcorn,1
mikes,1
lime,1
-you,1
preferable,1
daily,2
spotted,1
disablbility,1
ddisability,1
refused,4
unjustified,1
expanded,1
tight-,1
also-would,1
alcoholic,2
beverege,1
nite,2
outlets,4
collecting,1
coloured,1
tumblers,1
holiday,2
spaces,3
appears,2
shorten,1
tasting,1
selections,1
vegan,1
rice,3
veggie,1
renewing,1
truth,1
handles,1
roped,1
specified,1
cigarette,2
strong,1
option,5
sooner,1
interfers,1
mail's,1
bread,2
normal,2
waitress's,1
makeover,1
captive,1
audience,1
entertaining,1
ixford,1
maine,1
continued,2
messages,1
relocated,1
obscure,1
cutbacks,1
dropped,1
noises,1
seeing,1
mainia,1
wonderful,1
over-priced,1
marketing,2
searched,1
wished,1
difficulties,1
base,1
cents,6
entertained,1
ther,1
unpleasent,1
reeking,1
booze,2
angry,1
pound,1
harder,1
drinking,1
ciykd,1
besides,1
overtaken,1
acted,2
innocence,1
foot,1
registering,1
commotion,1
lifes,1
precious,1
knows,1
argument,2
director,1
management's,1
fault,1
fraud,1
thief,1
living,2
atm's,1
depend,1
matter,2
frontier,1
century,1
breed,1
sister,1
shops,1
mutual,1
customer-oriented,1
ridiculus,1
dolly,1
pardon,1
bombs,1
twilight,1
zone,1
carpet,1
creak,1
modern,1
advertised,3
sweet,1
coarse,1
thursday,1
monday,1
continually,1
shouts,1
creates,1
anger,1
grease,2
connecting,1
rushing,1
blaise,1
carried,1
completing,1
personal,1
anyway,3
questiona,1
program,1
machiens,1
loser,2
talked,2
overhaul,4
appalling,1
similarly,1
superior,1
finances,1
closely,1
release,1
greatest,1
picking,1
hold-em,1
etremely,1
newly,1
capacity,3
remain,1
replace,3
fragrance,3
powering,2
strongly,2
coke,1
pepsi,1
dispensing,1
somebdy,1
shakes,1
refer,1
reduces,1
distraction,1
bothersome,1
surrey,2
stamp,1
alex,1
buffallo,1
variations,1
equivilant,1
noticing,2
relatively,2
luckier,1
ultimate,1
choises,1
connie,1
introduced,2
katie,1
attentively,1
luck,1
aged,1
aggressive,1
curse,1
loudly,1
ruins,1
'bonus,1
time',1
urinals,1
i'll,1
unacceptable,2
abby,1
appetizers,2
steaks,1
appreciated,3
reminder,1
beingable,1
comparing,1
sask,1
prairies,1
south,2
purchased,1
petty,1
seatcovers,1
greatly,2
hovering,1
peeing,3
touchdown,1
advance,1
belongs,1
breathe,1
somewhere,1
unatractive,1
loudness,3
deafening,1
announcements,1
specify,1
dairy,2
written,2
salmon,1
dips,1
utensils,1
favored,1
re-open,1
maximum,2
phasing,2
congested,2
curious,1
centre,1
pictured,1
wings,3
freindly,1
buddies,1
powers,1
govern,1
raised,1
body,2
turning,2
steady,1
stream,1
comfort,1
donation,1
discouraging,1
mermaid,1
plain,2
expecting,2
pictures,1
decorations,1
acess,1
agin,1
appys,1
canadian,1
corporation,1
desirable,1
grab,2
loosing,3
friday's,1
tourists,1
membership,1
eaten,2
brochure,1
tolls,1
deceiving,1
disgusting,2
non-smokers,1
beome,1
atlantic,1
manning,1
tied,1
witha,1
application,1
untill,1
finished,2
warmer,2
disappointment,2
detriment,1
hill,2
owners,1
p-arking,1
diminished,1
insted,1
loseing,1
actual,1
soap,3
upbeat,1
appeared,3
speeding,1
ethnicity,1
ryder,1
habe,1
barely,1
brings,1
essentially,1
socially,1
inept,1
book,1
furniture,2
surroundings-more,1
lettuce,1
limp,1
sayin,1
chicken,6
tenders,1
overcooked,1
safetyt,1
closing,2
payed,1
stealing,1
insults,1
intelligence,1
random,2
bona,1
fide,1
taste,1
ribs,1
macaroni,1
stairwells,6
deter,1
individuals,1
reduce,2
coffe,1
encourage,2
flying,1
ballots,1
mailed,1
cleintelle,1
invest,1
checks,1
sureal,1
merchandise,1
memorbila,1
fades,1
blends,1
monitor,1
endless,2
availble,1
circulating,1
tailor,1
unflushed,1
materials,1
bowl,5
pressure,1
recalibrating,1
flush,1
lotter,1
kiosks,1
faucets,1
design,1
excess,1
usage,1
rolls,1
noon,1
stating,1
lets,1
kick,1
sake,1
rounding,1
mickey,1
mouse,1
moore,1
glamerous,1
casual,1
robin,1
counterparts,1
twist,1
caps,1
toward,2
license,1
allows,1
solution,1
warm,3
inviting,2
relation,1
gross,4
acknowledgeyour,1
portion,2
coins,1
patrolled,1
toilet,8
hockey,1
meeting,1
re-opened,1
suffer,1
arthritis,1
knees,1
hips,1
seadon,1
representing,1
hair,2
combed,1
agree,2
reputation,2
hungry,2
tousand,1
growing,1
joke,2
menu-,1
outdoor,3
brand,1
ghastly,1
-loud-obnoxious,1
downhill,1
becoming,2
caesar,1
wrap,1
pannini,1
letuce,1
wilted,1
tastey,1
sidesalad,1
ranch,1
servcice,1
decorated,1
suppose,2
fire,2
evacuation,1
aisles,1
clogged,1
easily,2
letter,1
explained,4
tying,1
cocagne,1
relaxing,1
resort,2
highly,1
improving,1
pertaining,1
prises,1
sits,1
honestly,1
team,1
remodel,1
doesnt,3
quantity,1
cash-dispensing,1
shareholders,1
profit,1
slat,1
eater,1
continues,1
tourist,1
brunch-,1
phoned,2
numerous,2
voicemail,2
woman,3
answering,2
suggested,1
reservation,5
booked,2
guarantee,2
promoted,1
venues,1
revamped,1
hype,1
realy,1
occurring,1
sharp,1
influx,1
managed,2
snares,1
inconvenience,1
compensation,1
reached,1
touch,1
disapointing,1
maintenace,1
compromised,1
lamb,1
drunken,1
undertaken,1
oneself,1
gesture,1
ferry,1
beforegetting,1
cont,1
rectifyed,1
honor,1
issued,2
poor-,1
payoffs,2
travel,1
tines,1
hanging,4
pushy,1
homeless,1
confronted,1
individual,3
playboy,1
dare,1
rectify,2
leaflet,1
intent,2
travelled,1
airport,1
headed,1
arriving,1
stopping,2
trouble,4
imade,1
myexperience,1
unpleasant,2
pointer,1
sisters,2
knee,1
injuries,1
mall,1
ciming,1
handpay,1
physically,1
password,2
balance,1
eventually,2
share,1
seafood,3
tilt,1
frozen,1
broken,7
dinning,1
dear,1
kids,2
abrasive,1
abrupt,2
voice,1
pleased,1
energy,1
function,1
clerk,1
horribly,1
rushed,1
rule,2
revised,1
power,1
outage,1
following,1
awake,1
barking,1
showoff,1
lotto,1
remind,1
abtain,1
playin,1
drunk,2
yell,1
await,1
forgoto,1
resolved,7
drinkable,1
expresso-,1
decaf,1
decently,1
shower,5
described,3
pages,1
moms,1
lock,2
tripped,1
steps,2
slanted,1
differently,1
badly,1
minor,2
purchasing,1
fresh,1
radioed,1
tasted,1
grizzle,1
nachos,1
qusaidias,1
expected,1
verified,1
uninformed,1
frankly,1
daft,1
observed,1
green,2
assailable,1
falling,1
frooze,1
prepared,1
slts,1
frank,1
d'angelo,1
leaks,1
upper,1
wasnt,4
waiter,1
rerung,1
shown,1
explanation,1
exspensive,1
toasted,1
slice,1
inattentive,1
search,1
practically,1
stocked,1
quit,1
bfore,1
buzzer,1
tuscan,1
upgrading-,1
fridge,1
promised,1
bothered,3
manque,1
jugement,1
l'entrée,1
haut,1
l'escalier,1
roulant,1
jeune,1
homme,1
parlant,1
français,1
deterioted,1
drastically,1
congestion,1
vegetable,1
accompanying,1
entree,1
mach,1
battered,1
arock,1
escalator,2
hunt,1
constant,1
mistakes,1
hits,1
jugs,1
carrot,1
cake,1
loading,1
indoor,1
slimy,1
slipped,1
satusfied,1
recognize,1
slip,3
apparently,1
ling,1
customre,1
surrender,3
drew,1
signal,1
accidentally,1
understood,1
uses,1
verbal,1
signals,1
surrendering,1
tone,2
professionally,1
kepthe,1
straight,1
retire,1
boat,1
diagnosed,1
parkinson's,1
happyy,1
topping,1
rare,1
agreed,1
tech,1
soggy,1
oily,1
glasses,3
january,1
click,1
occurred,1
displayed,2
tipped,1
indeed,1
intitled,1
chilly,1
wayyy,1
frustrated,1
burnt,3
'not,1
service',1
field,1
semi,1
discouraged,1
policy,1
silly,1
excluding,1
enforcing,1
cranky,1
collect,1
ourselves,1
accused,1
recruiting,1
perm,1
funny,1
ladys,1
backed,1
operator,1
permitted,1
outright,1
noodles,2
batch,1
mystery,3
download,1
straightened,1
occurrence,1
acknowledged,1
onky,1
mechines,3
plastic,3
remarkably,1
significantly,1
managerial,1
cashers,1
property,2
rejects,1
wife',1
registered,1
pinball,1
punched,1
rebooted,1
turns,1
orange,1
reinsert,1
heating,1
vent,1
lulu's,4
blasting,1
supposed,3
shoes,1
ignorant,1
lond,1
dispenserdon't,1
mobile,1
langford,1
latch,1
secure,1
shut,1
decide,1
wheels,1
stutter,1
message,1
spinning,1
tolite,1
flooded,1
reseved,1
clarification,1
gossiping,1
unaware,1
coors,2
produce,2
crisp,1
meanwhile,1
impatient,1
visibly,1
sold,1
tongue,1
recomend,1
offended,1
thats,1
addressed,1
misplaced,1
unlucky,1
sometines,1
records,1
unfairness,1
nonsense,1
payment,2
lotion,1
noisy,3
didnot,2
comeplain,1
eaier,1
clumps,1
backs,1
resolve,2
husband's,1
activate,1
timing,1
forgetful,1
freeze,1
accessing,1
reset,1
french,1
longest,1
inch,1
supplies,1
crabs,1
bcid,1
propaganda,1
fold,1
arms,1
tough,3
holders,1
pitt,1
tracking,1
expired,1
discussions,1
fill,1
ticked,1
cologne,2
cloud,1
sufficient,1
floating,1
barrel,1
disinterested,1
blankets,1
reader,1
screw,1
'cause,1
oriented,1
attendees,1
exeprience,1
incorrectly,1
dyson,1
counterfeit,1
reflects,1
shoulder,1
surly,1
waight,1
swearing,1
boisterous,1
ongoing,1
conditions,1
pedicures,1
booted,1
waity,1
boom,2
motorcycle,1
quebec,1
discontinued,1
perogies,1
jump,1
staycation,1
include,1
square,1
restraut,1
partial,2
dull,1
gratitude,1
deck,1
escorted,1
vacuumed,1
vegetarian,1
mixed,1
obtained,1
buffets,1
unnecessary,1
interference,1
exceptions,1
professional,1
flushing,1
toilets,1
unclean,1
stands,1
idle,1
non-peak,1
cares,1
manned,1
promote,1
redeemed,1
holding,1
remembered,1
soya,1
meat,3
boyfriend's,1
watress,2
manger,1
result,1
lined,1
sight,1
entirely,1
pork,2
tarzan,1
hundreds,1
sucked,1
ofthe,1
launch,1
reward,1
disco,3
addressing,1
clarity,1
international,1
court's,1
various,2
thehotel,1
desks,1
hight,1
dirt,1
hourly,1
tightly,1
shelves,1
products,1
pulls,1
lousy,1
unaffordable,1
spirits,1
commenced,1
protracted,1
flagged,1
behavior,1
stressed,1
stair,1
remodelled,1
installed,1
sanitary,1
covers,1
neglected,1
condition,1
towel,1
roll-in,1
showers,1
aging,1
users,1
fellow,1
pounding,1
expectation,1
happening,1
approach,1
patrions,1
yourself,1
angle,1
apology,1
been-,1
happned,1
pants,1
seperate,1
provider,1
appauling,1
fashion,1
kingsize,1
sleep,1
howcome,1
pizza,1
throw,1
crappy,1
wifi,1
connection,1
connected,1
perform,1
poorest,1
uncommon,1
cosmetic,1
improvements,1
mechine,1
boarder,1
unresolved,1
calls,1
hallways,1
malfunctions,1
asses,1
stage,1
lightining,1
ensure,1
designed,1
expanding,1
east,1
smells,1
banks,2
advertisement,1
paramount,1
importance,1
thousands,1
spotless,1
father's,1
parties,1
stood,1
handing,1
appy's,1
fruit,1
abit,1
sixteen,1
vodka,1
sevens,1
partly,1
typifies,1
walkways,1
wuntun,1
posting,1
discourage,2
over-comsumption,1
oldies,1
dated-,1
detracted,1
section-by-section,1
vomit,1
stairway,1
islands,1
walllet,1
border,1
roast,1
bull,1
returning,1
slop,1
circulation,1
long-lasting,1
replaceable,1
air-fresheners,1
affected,1
user,1
stacking,1
bleached,1
discussed,1
presented,1
arent,1
cobwebs,1
upkeep,1
fare,1
floorplan,1
